id,description,type,coverage
working_capital,Working Capital (Balance Sheet),MATRIX,0.5
assets,Assets - Total,MATRIX,0.5
assets_curr,Current Assets - Total,MATRIX,0.5
bookvalue_ps,Book Value Per Share,MATRIX,0.5
capex,Capital Expenditures,MATRIX,0.5
cash,Cash,MATRIX,0.5
cash_st,Cash and Short-Term Investments,MATRIX,0.5
cashflow,Cashflow (Annual),MATRIX,0.5
cashflow_dividends,Cash Dividends (Cash Flow),MATRIX,0.5
cashflow_fin,Financing Activities - Net Cash Flow,MATRIX,0.5
cashflow_invst,Investing Activities - Net Cash Flow,MATRIX,0.5
cashflow_op,Operating Activities - Net Cash Flow,MATRIX,0.5
cogs,Cost of Goods Sold,MATRIX,0.5
current_ratio,Current Ratio,MATRIX,0.5
debt,Debt,MATRIX,0.5
debt_lt,Long-Term Debt - Total,MATRIX,0.5
debt_st,Debt in Current Liabilities,MATRIX,0.5
depre_amort,Depreciation and Amortization - Total,MATRIX,0.5
ebit,Earnings Before Interest and Taxes,MATRIX,0.5
ebitda,Earnings Before Interest,MATRIX,0.5
employee,Employees,MATRIX,0.5
enterprise_value,Enterprise Value,MATRIX,0.5
eps,Earnings Per Share (Basic) - Including Extraordinary Items,MATRIX,0.5
equity,Common/Ordinary Equity - Total,MATRIX,0.5
fnd6_acdo,Current Assets of Discontinued Operations,MATRIX,0.5
fnd6_acodo,Other Current Assets Excl Discontinued Operations,MATRIX,0.5
fnd6_acox,Current Assets - Other - Sundry,MATRIX,0.5
fnd6_acqgdwl,Acquired Assets - Goodwill,MATRIX,0.5
fnd6_acqintan,Acquired Assets - Intangibles,MATRIX,0.5
fnd6_adesinda_curcd,ISO Currency Code - Company Annual Market,MATRIX,0.5
fnd6_txtubsoflimit,Lapse of Statute of Limitations,MATRIX,0.5
fnd6_txtubtxtr,Impact on Effective Tax Rate,MATRIX,0.5
fnd6_txtubxintbs,Interest & Penalties Accrued - B/S,MATRIX,0.5
fnd6_txtubxintis,Interest & Penalties Recognized - I/S,MATRIX,0.5
fnd6_txw,Excise Taxes,MATRIX,0.5
fnd6_weburl,WEB URL code for the company,MATRIX,0.5
fnd6_xacc,Accrued Expenses,MATRIX,0.5
fnd6_xaccq,Accrued Expenses,MATRIX,0.5
fnd6_txtubadjust,Other Unrecognized Tax Benefit Adjustment,MATRIX,0.5
fnd6_txtubbegin,Unrecog. Tax Benefits - Beg of Year,MATRIX,0.5
fnd6_txtubend,Unrecog. Tax Benefits - End of Year,MATRIX,0.5
fnd6_txtubposdec,Decrease - Current Tax Positions,MATRIX,0.5
fnd6_txtubposinc,Increase - Current Tax Positions,MATRIX,0.5
fnd6_txtubpospdec,Decrease - Prior Tax Positions,MATRIX,0.5
fnd6_txtubpospinc,Increase - Prior Tax Positions,MATRIX,0.5
fnd6_txtubsettle,Settlements with Tax Authorities,MATRIX,0.5
fnd6_txndb,Net Deferred Tax Asset (Liab) - Total,MATRIX,0.5
fnd6_txndba,Net Deferred Tax Asset,MATRIX,0.5
fnd6_txndbl,Net Deferred Tax Liability,MATRIX,0.5
fnd6_txndbr,Deferred Tax Residual,MATRIX,0.5
fnd6_txo,Income Taxes - Other,MATRIX,0.5
fnd6_txpd,Income Taxes Paid,MATRIX,0.5
fnd6_txr,Income Tax Refund,MATRIX,0.5
fnd6_txs,Income Taxes - State,MATRIX,0.5
fnd6_txdbclq,Current Deferred Tax Liability,MATRIX,0.5
fnd6_txdc,Deferred Taxes (Cash Flow),MATRIX,0.5
fnd6_txdfed,Deferred Taxes - Federal,MATRIX,0.5
fnd6_txdfo,Deferred Taxes - Foreign,MATRIX,0.5
fnd6_txdi,Income Taxes - Deferred,MATRIX,0.5
fnd6_txds,Deferred Taxes - State,MATRIX,0.5
fnd6_txfed,Income Taxes - Federal,MATRIX,0.5
fnd6_txfo,Income Taxes - Foreign,MATRIX,0.5
fnd6_cshtr,Common Shares Traded - Annual,MATRIX,0.5
fnd6_cshtrq,Common Shares Traded - Quarter,MATRIX,0.5
fnd6_cstkcv,Common Stock-Carrying Value,MATRIX,0.5
fnd6_cstkcvq,Common Stock-Carrying Value,MATRIX,0.5
fnd6_currencya_curcd,ISO Currency Code - Company Annual Market,MATRIX,0.5
fnd6_currencyqv1300_curcd,ISO Currency Code - Company Annual Market,MATRIX,0.5
fnd6_dc,Deferred Charges,MATRIX,0.5
fnd6_dclo,Debt - Capitalized Lease Obligations,MATRIX,0.5
fnd6_cptnewqv1300_oibdpq,Operating Income Before Depreciation - Quarterly,MATRIX,0.5
fnd6_cptnewqv1300_opepsq,Earnings Per Share from Operations,MATRIX,0.5
fnd6_cptnewqv1300_rectq,Receivables - Total,MATRIX,0.5
fnd6_cptnewqv1300_req,Retained Earnings,MATRIX,0.5
fnd6_cptnewqv1300_saleq,Sales/Turnover (Net),MATRIX,0.5
fnd6_cptrank_gvkeymap,"technical code for a company, no need to use it for research",MATRIX,0.5
fnd6_cshpri,Common Shares Used to Calculate Earnings Per Share - Basic,MATRIX,0.5
fnd6_cshr,Common/Ordinary Shareholders,MATRIX,0.5
fnd6_cptnewqv1300_epsf12,Earnings Per Share (Diluted) - Excluding Extraordinary Items - 12 Months Moving,MATRIX,0.5
fnd6_cptnewqv1300_epsfxq,Earnings Per Share (Diluted) - Excluding Extraordinary items,MATRIX,0.5
fnd6_cptnewqv1300_epsx12,Earnings Per Share (Basic) - Excluding Extraordinary Items - 12 Months Moving,MATRIX,0.5
fnd6_cptnewqv1300_lctq,Current Liabilities - Total,MATRIX,0.5
fnd6_cptnewqv1300_ltq,Liabilities - Total,MATRIX,0.5
fnd6_cptnewqv1300_nopiq,Non-Operating Income (Expense) - Total,MATRIX,0.5
fnd6_cptnewqv1300_oeps12,Earnings Per Share from Operations - 12 Months Moving,MATRIX,0.5
fnd6_cptnewqv1300_oiadpq,Operating Income After Depreciation - Quarterly,MATRIX,0.5
fnd6_cptmfmq_opepsq,Earnings Per Share from Operations,MATRIX,0.5
fnd6_cptmfmq_saleq,Sales/Turnover (Net),MATRIX,0.5
fnd6_cptnewqv1300_actq,Current Assets - Total,MATRIX,0.5
fnd6_cptnewqv1300_apq,Accounts Payable/Creditors - Trade,MATRIX,0.5
fnd6_cptnewqv1300_atq,Assets - Total,MATRIX,0.5
fnd6_cptnewqv1300_ceqq,Common/Ordinary Equity - Total,MATRIX,0.5
fnd6_cptnewqv1300_dlttq,Long-Term Debt - Total,MATRIX,0.5
fnd6_cptnewqv1300_dpq,Depreciation and Amortization - Total,MATRIX,0.5
fnd6_dudd,Debt - Unamortized Debt Discount and Other,MATRIX,0.5
fnd6_dvpa,Preferred Dividends in Arrears,MATRIX,0.5
fnd6_dxd2,Debt (excl Capitalized Leases) - Due in 2nd Year,MATRIX,0.5
fnd6_dxd3,Debt (excl Capitalized Leases) - Due in 3rd Year,MATRIX,0.5
fnd6_dxd4,Debt (excl Capitalized Leases) - Due in 4th Year,MATRIX,0.5
fnd6_dxd5,Debt (excl Capitalized Leases) - Due in 5th Year,MATRIX,0.5
fnd6_ein,Employer Identification Number code for the company,MATRIX,0.5
fnd6_esopct,Common ESOP Obligation - Total,MATRIX,0.5
fnd6_dltr,Long-Term Debt - Reduction,MATRIX,0.5
fnd6_dm,Debt - Mortgages & Other Secured,MATRIX,0.5
fnd6_dn,Debt - Notes,MATRIX,0.5
fnd6_donr,Nonrecurring Disc Operations,MATRIX,0.5
fnd6_dpvieb,Depreciation (Accumulated) - Ending Balance (Schedule VI),MATRIX,0.5
fnd6_drc,Deferred Revenue - Current,MATRIX,0.5
fnd6_drlt,Deferred Revenue - Long-term,MATRIX,0.5
fnd6_ds,Debt - Subordinated,MATRIX,0.5
fnd6_dd3,Debt Due in 3rd Year,MATRIX,0.5
fnd6_dd4,Debt Due in 4th Year,MATRIX,0.5
fnd6_dd5,Debt Due in 5th Year,MATRIX,0.5
fnd6_dilavx,Dilution Available - Excluding Extraordinary Items,MATRIX,0.5
fnd6_dlcch,Current Debt - Changes,MATRIX,0.5
fnd6_dltis,Long-Term Debt - Issuance,MATRIX,0.5
fnd6_dlto,Debt - Long-Term - Other,MATRIX,0.5
fnd6_dltp,Long-Term Debt - Tied to Prime,MATRIX,0.5
fnd6_dcpstk,Convertible Debt and Preferred Stock,MATRIX,0.5
fnd6_dcvsr,Debt - Senior Convertible,MATRIX,0.5
fnd6_dcvsub,Debt - Subordinated Convertible,MATRIX,0.5
fnd6_dcvt,Debt - Convertible,MATRIX,0.5
fnd6_dd,Debt - Debentures,MATRIX,0.5
fnd6_dd1,Long-Term Debt Due in 1 Year,MATRIX,0.5
fnd6_dd1q,Long-Term Debt Due in 1 Year,MATRIX,0.5
fnd6_dd2,Debt Due in 2nd Year,MATRIX,0.5
fnd6_invo,Inventories - Other,MATRIX,0.5
fnd6_invrm,Inventories - Raw Materials,MATRIX,0.5
fnd6_invwip,Inventories - Work In Process,MATRIX,0.5
fnd6_itcb,Investment Tax Credit (Balance Sheet),MATRIX,0.5
fnd6_itci,Investment Tax Credit (Income Account),MATRIX,0.5
fnd6_ivaco,Investing Activities - Other,MATRIX,0.5
fnd6_ivaeq,Investment and Advances - Equity,MATRIX,0.5
fnd6_ivao,Investment and Advances - Other,MATRIX,0.5
fnd6_ibmii,Income before Extraordinary Items and Noncontrolling Interests,MATRIX,0.5
fnd6_idesindq_curcd,ISO Currency Code - Company Annual Market,MATRIX,0.5
fnd6_idit,Interest and Related Income - Total,MATRIX,0.5
fnd6_incorp,Incorporated,MATRIX,0.5
fnd6_intan,Intangible Assets - Total,MATRIX,0.5
fnd6_intc,Interest Capitalized,MATRIX,0.5
fnd6_intpn,Interest Paid - Net,MATRIX,0.5
fnd6_invfg,Inventories - Finished Goods,MATRIX,0.5
fnd6_fatn,"Property, Plant, and Equipment - Natural Resources at Cost",MATRIX,0.5
fnd6_fato,"Plant, Property and Equipment at Cost - Other",MATRIX,0.5
fnd6_fatp,"Plant, Property and Equipment at Cost - Land & Improvements",MATRIX,0.5
fnd6_fiao,Financing Activities - Other,MATRIX,0.5
fnd6_fic,identifies the country in which the company is incorporated or legally registered,MATRIX,0.5
fnd6_fopo,Funds from Operations - Other,MATRIX,0.5
fnd6_fopox,Funds from Operations - Other excluding Option Tax Benefit,MATRIX,0.5
fnd6_fyrc,"Unimportant technical code, please ignore for research purposes",MATRIX,0.5
fnd6_esopnr,Preferred ESOP Obligation - Non-Redeemable,MATRIX,0.5
fnd6_esopr,Preferred ESOP Obligation - Redeemable,MATRIX,0.5
fnd6_esubc,Equity in Net Loss - Earnings,MATRIX,0.5
fnd6_exre,Exchange Rate Effect,MATRIX,0.5
fnd6_fatb,"Plant, Property and Equipment at Cost - Buildings",MATRIX,0.5
fnd6_fatc,"Plant, Property and Equipment at Cost - Construction in Progress",MATRIX,0.5
fnd6_fate,"Plant, Property and Equipment at Cost - Machinery & Equipment",MATRIX,0.5
fnd6_fatl,"Property, Plant, and Equipment - Leases at Cost",MATRIX,0.5
fnd6_mfma2_txach,Income Taxes - Accrued - Increase/(Decrease),MATRIX,0.5
fnd6_mfmq_cheq,Cash and Short-Term Investments,MATRIX,0.5
fnd6_mfmq_cogsq,Cost of Goods Sold,MATRIX,0.5
fnd6_mfmq_cshprq,Common Shares Used to Calculate Earnings Per Share - Basic,MATRIX,0.5
fnd6_mfmq_dlcq,Debt in Current Liabilities,MATRIX,0.5
fnd6_mfmq_ibcomq,Income Before Extraordinary Items - Available for Common,MATRIX,0.5
fnd6_mfmq_mibtq,Noncontrolling Interests - Total - Balance Sheet - Quarterly,MATRIX,0.5
fnd6_mfmq_piq,Pretax Income,MATRIX,0.5
fnd6_mfma1_csho,Common Shares Outstanding,MATRIX,0.5
fnd6_mfma1_dp,Depreciation and Amortization,MATRIX,0.5
fnd6_mfma1_dpc,Depreciation and Amortization (Cash Flow),MATRIX,0.5
fnd6_mfma1_invch,Mortgages - Decrease (Increase),MATRIX,0.5
fnd6_mfma2_oancf,Operating Activities - Net Cash Flow,MATRIX,0.5
fnd6_mfma2_opeps,Earnings Per Share from Operations,MATRIX,0.5
fnd6_mfma2_recch,Accounts Receivable - Decrease (Increase),MATRIX,0.5
fnd6_mfma2_revt,Revenue - Total,MATRIX,0.5
fnd6_lol2,Liabilities Level 2 (Observable),MATRIX,0.5
fnd6_loxdr,Liabilities - Other - Excluding Deferred Revenue,MATRIX,0.5
fnd6_lqpl1,Liabilities Level 1 (Quoted Prices),MATRIX,0.5
fnd6_lul3,Liabilities Level 3 (Unobservable),MATRIX,0.5
fnd6_mfma1_aoloch,Assets and Liabilities - Other - Net Change,MATRIX,0.5
fnd6_mfma1_apalch,Accounts Payable and Accrued Liabilities - Increase/(Decrease),MATRIX,0.5
fnd6_mfma1_at,Assets - Total,MATRIX,0.5
fnd6_mfma1_capx,Capital Expenditures,MATRIX,0.5
fnd6_ivch,Increase in Investments,MATRIX,0.5
fnd6_ivst,Short-Term Investments - Total,MATRIX,0.5
fnd6_ivstch,Short-Term Investments - Change,MATRIX,0.5
fnd6_lcox,Current Liabilities - Other - Sundry,MATRIX,0.5
fnd6_lcoxdr,Current Liabilities - Other - Excluding Deferred Revenue,MATRIX,0.5
fnd6_lifr,LIFO Reserve,MATRIX,0.5
fnd6_lno,Liabilities Netting & Other Adjustments,MATRIX,0.5
fnd6_loc,string for locating the Headquarters of the company,MATRIX,0.5
fnd6_newa1v1300_aqpl1,Assets Level 1 (Quoted Prices),MATRIX,0.5
fnd6_newa1v1300_at,Assets - Total,MATRIX,0.5
fnd6_newa1v1300_aul3,Assets Level 3 (Unobservable),MATRIX,0.5
fnd6_newa1v1300_bkvlps,Book Value Per Share,MATRIX,0.5
fnd6_newa1v1300_caps,Capital Surplus/Share Premium Reserve,MATRIX,0.5
fnd6_newa1v1300_capx,Capital Expenditures,MATRIX,0.5
fnd6_newa1v1300_ceq,Common/Ordinary Equity - Total,MATRIX,0.5
fnd6_newa1v1300_ceqt,Common Equity - Tangible,MATRIX,0.5
fnd6_newa1v1300_ao,Assets - Other,MATRIX,0.5
fnd6_newa1v1300_aocidergl,Accum Other Comp Inc - Derivatives Unrealized Gain/Loss,MATRIX,0.5
fnd6_newa1v1300_aociother,Accum Other Comp Inc - Other Adjustments,MATRIX,0.5
fnd6_newa1v1300_aocipen,Accum Other Comp Inc - Min Pension Liab Adj,MATRIX,0.5
fnd6_newa1v1300_aol2,Assets Level 2 (Observable),MATRIX,0.5
fnd6_newa1v1300_aoloch,Assets and Liabilities - Other - Net Change,MATRIX,0.5
fnd6_newa1v1300_ap,Accounts Payable - Trade,MATRIX,0.5
fnd6_newa1v1300_apalch,Accounts Payable and Accrued Liabilities - Increase/(Decrease),MATRIX,0.5
fnd6_mrc5,Rental Commitments - Minimum - 5th Year,MATRIX,0.5
fnd6_mrct,Rental Commitments - Minimum - 5-Year Total,MATRIX,0.5
fnd6_mrcta,Thereafter Portion of Leases,MATRIX,0.5
fnd6_msa,Marketable Securities Adjustment,MATRIX,0.5
fnd6_newa1v1300_aco,Current Assets - Other - Total,MATRIX,0.5
fnd6_newa1v1300_acominc,Accumulated Other Comprehensive Income (Loss),MATRIX,0.5
fnd6_newa1v1300_act,Current Assets - Total,MATRIX,0.5
fnd6_newa1v1300_ano,Assets Netting & Other Adjustments,MATRIX,0.5
fnd6_mibn,Noncontrolling Interests - Nonredeemable - Balance Sheet,MATRIX,0.5
fnd6_mibt,Noncontrolling Interests - Total - Balance Sheet,MATRIX,0.5
fnd6_mkvalt,Market Value - Total,MATRIX,0.5
fnd6_mkvaltq,Market Value - Total,MATRIX,0.5
fnd6_mrc1,Rental Commitments - Minimum - 1st Year,MATRIX,0.5
fnd6_mrc2,Rental Commitments - Minimum - 2nd Year,MATRIX,0.5
fnd6_mrc3,Rental Commitments - Minimum - 3rd Year,MATRIX,0.5
fnd6_mrc4,Rental Commitments - Minimum - 4th Year,MATRIX,0.5
fnd6_newa1v1300_fincf,Financing Activities - Net Cash Flow,MATRIX,0.5
fnd6_newa1v1300_gdwl,Goodwill,MATRIX,0.5
fnd6_newa1v1300_gp,Gross Profit (Loss),MATRIX,0.5
fnd6_newa1v1300_ib,Income Before Extraordinary Items,MATRIX,0.5
fnd6_newa1v1300_ibadj,Income Before Extraordinary Items - Adjusted for Common Stock Equivalents,MATRIX,0.5
fnd6_newa1v1300_ibc,Income Before Extraordinary Items (Cash Flow),MATRIX,0.5
fnd6_newa1v1300_ibcom,Income Before Extraordinary Items - Available for Common,MATRIX,0.5
fnd6_newa1v1300_icapt,Invested Capital - Total,MATRIX,0.5
fnd6_newa1v1300_ebit,Earnings Before Interest and Taxes,MATRIX,0.5
fnd6_newa1v1300_ebitda,Earnings Before Interest,MATRIX,0.5
fnd6_newa1v1300_emp,Employees,MATRIX,0.5
fnd6_newa1v1300_epsfi,Earnings Per Share (Diluted) - Including Extraordinary Items,MATRIX,0.5
fnd6_newa1v1300_epsfx,Earnings Per Share (Diluted) - Excluding Extraordinary Items,MATRIX,0.5
fnd6_newa1v1300_epspi,Earnings Per Share (Basic) - Including Extraordinary Items,MATRIX,0.5
fnd6_newa1v1300_epspx,Earnings Per Share (Basic) - Excluding Extraordinary Items,MATRIX,0.5
fnd6_newa1v1300_fca,Foreign Exchange Income (Loss),MATRIX,0.5
fnd6_newa1v1300_dlc,Debt in Current Liabilities - Total,MATRIX,0.5
fnd6_newa1v1300_dltt,Long-Term Debt - Total,MATRIX,0.5
fnd6_newa1v1300_dp,Depreciation and Amortization,MATRIX,0.5
fnd6_newa1v1300_dpact,"Depreciation, Depletion and Amortization (Accumulated)",MATRIX,0.5
fnd6_newa1v1300_dpc,Depreciation and Amortization (Cash Flow),MATRIX,0.5
fnd6_newa1v1300_dv,Cash Dividends (Cash Flow),MATRIX,0.5
fnd6_newa1v1300_dvc,Dividends Common/Ordinary,MATRIX,0.5
fnd6_newa1v1300_dvt,Dividends - Total,MATRIX,0.5
fnd6_newa1v1300_che,Cash and Short-Term Investments,MATRIX,0.5
fnd6_newa1v1300_chech,Cash and Cash Equivalents - Increase/(Decrease),MATRIX,0.5
fnd6_newa1v1300_cogs,Cost of Goods Sold,MATRIX,0.5
fnd6_newa1v1300_cshfd,Common Shares Used to Calc Earnings Per Share - Fully Diluted,MATRIX,0.5
fnd6_newa1v1300_cshi,Common Shares Issued,MATRIX,0.5
fnd6_newa1v1300_csho,Common Shares Outstanding,MATRIX,0.5
fnd6_newa1v1300_cstk,Common/Ordinary Stock (Capital),MATRIX,0.5
fnd6_newa1v1300_dcom,Deferred Compensation,MATRIX,0.5
fnd6_newa2v1300_rdipd,In Process R&D Expense Diluted EPS Effect,MATRIX,0.5
fnd6_newa2v1300_rdipeps,In Process R&D Expense Basic EPS Effect,MATRIX,0.5
fnd6_newa2v1300_re,Retained Earnings,MATRIX,0.5
fnd6_newa2v1300_recch,Accounts Receivable - Decrease (Increase),MATRIX,0.5
fnd6_newa2v1300_rect,Receivables - Total,MATRIX,0.5
fnd6_newa2v1300_reuna,Retained Earnings - Unadjusted,MATRIX,0.5
fnd6_newa2v1300_revt,Revenue - Total,MATRIX,0.5
fnd6_newa2v1300_sale,Sales/Turnover (Net),MATRIX,0.5
fnd6_newa2v1300_opeps,Earnings Per Share from Operations,MATRIX,0.5
fnd6_newa2v1300_optexd,Options - Exercised (-),MATRIX,0.5
fnd6_newa2v1300_pi,Pretax Income,MATRIX,0.5
fnd6_newa2v1300_ppegt,"Property, Plant and Equipment - Total (Gross)",MATRIX,0.5
fnd6_newa2v1300_ppent,"Property, Plant and Equipment - Total (Net)",MATRIX,0.5
fnd6_newa2v1300_prsho,Redeem Pfd Shares Outs (000),MATRIX,0.5
fnd6_newa2v1300_rdip,In Process R&D Expense,MATRIX,0.5
fnd6_newa2v1300_rdipa,In-Process R&D Expense After-tax,MATRIX,0.5
fnd6_newa1v1300_lt,Liabilities - Total,MATRIX,0.5
fnd6_newa2v1300_mib,Minority Interest (Balance Sheet),MATRIX,0.5
fnd6_newa2v1300_mii,Noncontrolling Interest (Income Account),MATRIX,0.5
fnd6_newa2v1300_ni,Net Income (Loss),MATRIX,0.5
fnd6_newa2v1300_nopi,Nonoperating Income (Expense),MATRIX,0.5
fnd6_newa2v1300_oancf,Operating Activities - Net Cash Flow,MATRIX,0.5
fnd6_newa2v1300_oiadp,Operating Income After Depreciation,MATRIX,0.5
fnd6_newa2v1300_oibdp,Operating Income Before Depreciation,MATRIX,0.5
fnd6_newa1v1300_intano,Other Intangibles,MATRIX,0.5
fnd6_newa1v1300_invch,Mortgages - Decrease (Increase),MATRIX,0.5
fnd6_newa1v1300_invt,Inventories - Total,MATRIX,0.5
fnd6_newa1v1300_ivncf,Investing Activities - Net Cash Flow,MATRIX,0.5
fnd6_newa1v1300_lco,Current Liabilities - Other - Total,MATRIX,0.5
fnd6_newa1v1300_lct,Current Liabilities - Total,MATRIX,0.5
fnd6_newa1v1300_lo,Liabilities - Other - Total,MATRIX,0.5
fnd6_newa1v1300_lse,Liabilities and Stockholders Equity - Total,MATRIX,0.5
fnd6_newqv1300_acoq,Current Assets - Other - Total,MATRIX,0.5
fnd6_newqv1300_altoq,Other Long-term Assets,MATRIX,0.5
fnd6_newqv1300_ancq,Non-Current Assets - Total,MATRIX,0.5
fnd6_newqv1300_anoq,Assets Netting & Other Adjustments,MATRIX,0.5
fnd6_newqv1300_aociderglq,Accum Other Comp Inc - Derivatives Unrealized Gain/Loss,MATRIX,0.5
fnd6_newqv1300_aociotherq,Accumulated Other Comprehensive Income - Other Adjustments,MATRIX,0.5
fnd6_newqv1300_aocipenq,Accum Other Comp Inc - Min Pension Liab Adj,MATRIX,0.5
fnd6_newqv1300_aocisecglq,Accum Other Comp Inc - Unreal G/L Ret Int in Sec Assets,MATRIX,0.5
fnd6_newa2v1300_xoptd,Implied Option EPS Diluted,MATRIX,0.5
fnd6_newa2v1300_xopteps,Implied Option EPS Basic,MATRIX,0.5
fnd6_newa2v1300_xrd,Research and Development Expense,MATRIX,0.5
fnd6_newa2v1300_xsga,"Selling, General and Administrative Expense",MATRIX,0.5
fnd6_newq_xoptdqp,Implied Option EPS Diluted Preliminary,MATRIX,0.5
fnd6_newq_xoptepsqp,Implied Option EPS Basic Preliminary,MATRIX,0.5
fnd6_newq_xoptqp,Implied Option Expense Preliminary,MATRIX,0.5
fnd6_newqv1300_acomincq,Accumulated Other Comprehensive Income (Loss),MATRIX,0.5
fnd6_newa2v1300_txach,Income Taxes - Accrued - Increase/(Decrease),MATRIX,0.5
fnd6_newa2v1300_txdb,Deferred Taxes - Balance Sheet,MATRIX,0.5
fnd6_newa2v1300_txditc,Deferred Taxes and Investment Tax Credit,MATRIX,0.5
fnd6_newa2v1300_txp,Income Taxes Payable,MATRIX,0.5
fnd6_newa2v1300_txt,Income Taxes - Total,MATRIX,0.5
fnd6_newa2v1300_wcap,Working Capital (Balance Sheet),MATRIX,0.5
fnd6_newa2v1300_xidoc,Extraordinary Items and Discontinued Operations (Cash Flow),MATRIX,0.5
fnd6_newa2v1300_xint,Interest and Related Expense - Total,MATRIX,0.5
fnd6_newa2v1300_seq,Stockholders Equity - Parent,MATRIX,0.5
fnd6_newa2v1300_seqo,Other Stockholders' Equity Adjustments,MATRIX,0.5
fnd6_newa2v1300_spced,S&P Core Earnings EPS Diluted,MATRIX,0.5
fnd6_newa2v1300_spceeps,S&P Core Earnings EPS Basic,MATRIX,0.5
fnd6_newa2v1300_spi,Special Items,MATRIX,0.5
fnd6_newa2v1300_stkco,Stock Compensation Expense,MATRIX,0.5
fnd6_newa2v1300_tstk,Treasury Stock - Total (All Capital),MATRIX,0.5
fnd6_newa2v1300_tstkn,Treasury Stock - Number of Common Shares,MATRIX,0.5
fnd6_newqv1300_dilavq,Dilution Available - Excluding Extraordinary Items,MATRIX,0.5
fnd6_newqv1300_dlcq,Debt in Current Liabilities,MATRIX,0.5
fnd6_newqv1300_dpactq,"Depreciation, Depletion and Amortization (Accumulated)",MATRIX,0.5
fnd6_newqv1300_drcq,Deferred Revenue - Current,MATRIX,0.5
fnd6_newqv1300_drltq,Deferred Revenue - Long-term,MATRIX,0.5
fnd6_newqv1300_epsfiq,Earnings Per Share (Diluted) - Including Extraordinary Items,MATRIX,0.5
fnd6_newqv1300_epspiq,Earnings Per Share (Basic) - Including Extraordinary Items,MATRIX,0.5
fnd6_newqv1300_epspxq,Earnings Per Share (Basic) - Excluding Extraordinary Items,MATRIX,0.5
fnd6_newqv1300_csh12q,Common Shares Used to Calculate Earnings Per Share - 12 Months Moving,MATRIX,0.5
fnd6_newqv1300_cshfdq,Common Shares for Diluted EPS,MATRIX,0.5
fnd6_newqv1300_cshiq,Common Shares Issued,MATRIX,0.5
fnd6_newqv1300_cshopq,Total Shares Repurchased - Quarter,MATRIX,0.5
fnd6_newqv1300_cshoq,Common Shares Outstanding,MATRIX,0.5
fnd6_newqv1300_cshprq,Common Shares Used to Calculate Earnings Per Share - Basic,MATRIX,0.5
fnd6_newqv1300_cstkq,Common/Ordinary Stock (Capital),MATRIX,0.5
fnd6_newqv1300_dcomq,Deferred Compensation,MATRIX,0.5
fnd6_newqv1300_ciderglq,Comp Inc - Derivative Gains/Losses,MATRIX,0.5
fnd6_newqv1300_cimiiq,Comprehensive Income - Noncontrolling Interest,MATRIX,0.5
fnd6_newqv1300_ciotherq,Comp Inc - Other Adj,MATRIX,0.5
fnd6_newqv1300_cipenq,Comp Inc - Minimum Pension Adj,MATRIX,0.5
fnd6_newqv1300_ciq,Comprehensive Income - Total,MATRIX,0.5
fnd6_newqv1300_cisecglq,Comp Inc - Securities Gains/Losses,MATRIX,0.5
fnd6_newqv1300_citotalq,Comprehensive Income - Parent,MATRIX,0.5
fnd6_newqv1300_cogsq,Cost of Goods Sold,MATRIX,0.5
fnd6_newqv1300_aol2q,Assets Level 2 (Observable),MATRIX,0.5
fnd6_newqv1300_aoq,Assets - Other - Total,MATRIX,0.5
fnd6_newqv1300_aqpl1q,Assets Level 1 (Quoted Prices),MATRIX,0.5
fnd6_newqv1300_aul3q,Assets Level 3 (Unobservable),MATRIX,0.5
fnd6_newqv1300_capsq,Capital Surplus/Share Premium Reserve,MATRIX,0.5
fnd6_newqv1300_chq,Cash,MATRIX,0.5
fnd6_newqv1300_cibegniq,Comp Inc - Beginning Net Income,MATRIX,0.5
fnd6_newqv1300_cicurrq,Comp Inc - Currency Trans Adj,MATRIX,0.5
fnd6_newqv1300_lnoq,Liabilities Netting & Other Adjustments,MATRIX,0.5
fnd6_newqv1300_lol2q,Liabilities Level 2 (Observable),MATRIX,0.5
fnd6_newqv1300_loq,Liabilities - Other,MATRIX,0.5
fnd6_newqv1300_loxdrq,Liabilities - Other - Excluding Deferred Revenue,MATRIX,0.5
fnd6_newqv1300_lqpl1q,Liabilities Level 1 (Quoted Prices),MATRIX,0.5
fnd6_newqv1300_lseq,Liabilities and Stockholders' Equity - Total,MATRIX,0.5
fnd6_newqv1300_ltmibq,Liabilities - Total and Noncontrolling Interest,MATRIX,0.5
fnd6_newqv1300_lul3q,Liabilities Level 3 (Unobservable),MATRIX,0.5
fnd6_newqv1300_invoq,Inventory - Other,MATRIX,0.5
fnd6_newqv1300_invrmq,Inventory - Raw Materials,MATRIX,0.5
fnd6_newqv1300_invtq,Inventories - Total,MATRIX,0.5
fnd6_newqv1300_invwipq,Inventory - Work in Process,MATRIX,0.5
fnd6_newqv1300_ivltq,Total Long-term Investments,MATRIX,0.5
fnd6_newqv1300_ivstq,Short-Term Investments - Total,MATRIX,0.5
fnd6_newqv1300_lcoq,Current Liabilities - Other - Total,MATRIX,0.5
fnd6_newqv1300_lltq,Long-Term Liabilities (Total),MATRIX,0.5
fnd6_newqv1300_ibadjq,Income Before Extraordinary Items - Adjusted for Common Stock Equivalents,MATRIX,0.5
fnd6_newqv1300_ibcomq,Income Before Extraordinary Items - Available for Common,MATRIX,0.5
fnd6_newqv1300_ibmiiq,Income before Extraordinary Items and Noncontrolling Interests,MATRIX,0.5
fnd6_newqv1300_ibq,Income Before Extraordinary Items,MATRIX,0.5
fnd6_newqv1300_icaptq,Invested Capital - Total - Quarterly,MATRIX,0.5
fnd6_newqv1300_intanoq,Other Intangibles,MATRIX,0.5
fnd6_newqv1300_intanq,Intangible Assets - Total,MATRIX,0.5
fnd6_newqv1300_invfgq,Inventory - Finished Goods,MATRIX,0.5
fnd6_newqv1300_esopnrq,Preferred ESOP Obligation - Non-Redeemable,MATRIX,0.5
fnd6_newqv1300_esoprq,Preferred ESOP Obligation - Redeemable,MATRIX,0.5
fnd6_newqv1300_fcaq,Foreign Exchange Income (Loss),MATRIX,0.5
fnd6_newqv1300_gdwlq,Goodwill (net),MATRIX,0.5
fnd6_newqv1300_glcea12,Gain/Loss on Sale (Core Earnings Adjusted) After-tax 12MM,MATRIX,0.5
fnd6_newqv1300_glced12,Gain/Loss on Sale (Core Earnings Adjusted) Diluted EPS Effect 12MM,MATRIX,0.5
fnd6_newqv1300_glceeps12,Gain/Loss on Sale (Core Earnings Adjusted) Basic EPS Effect 12MM,MATRIX,0.5
fnd6_newqv1300_ibadj12,Income Before Extra Items - Adj for Common Stock Equivalents - 12MM,MATRIX,0.5
fnd6_newqv1300_rectrq,Receivables - Trade,MATRIX,0.5
fnd6_newqv1300_reunaq,Unadjusted Retained Earnings,MATRIX,0.5
fnd6_newqv1300_revtq,Revenue - Total,MATRIX,0.5
fnd6_newqv1300_seqoq,Other Stockholders' Equity Adjustments,MATRIX,0.5
fnd6_newqv1300_seqq,Stockholders' Equity - Total - Quarterly,MATRIX,0.5
fnd6_newqv1300_spcedpq,S&P Core Earnings EPS Diluted - Preliminary,MATRIX,0.5
fnd6_newqv1300_spcedq,S&P Core Earnings EPS Diluted,MATRIX,0.5
fnd6_newqv1300_spceepsp12,S&P Core 12MM EPS - Basic - Preliminary,MATRIX,0.5
fnd6_newqv1300_rcpq,Restructuring Cost Pretax,MATRIX,0.5
fnd6_newqv1300_rdipaq,In Process R&D Expense After-tax,MATRIX,0.5
fnd6_newqv1300_rdipdq,In Process R&D Expense Diluted EPS Effect,MATRIX,0.5
fnd6_newqv1300_rdipepsq,In-Process R&D Expense Basic EPS Effect,MATRIX,0.5
fnd6_newqv1300_rdipq,In Process R&D,MATRIX,0.5
fnd6_newqv1300_recdq,Receivables - Estimated Doubtful,MATRIX,0.5
fnd6_newqv1300_rectaq,Accum Other Comp Inc - Cumulative Translation Adjustments,MATRIX,0.5
fnd6_newqv1300_rectoq,Receivables - Current Other incl Tax Refunds,MATRIX,0.5
fnd6_newqv1300_piq,Pretax Income,MATRIX,0.5
fnd6_newqv1300_pncq,Core Pension Adjustment,MATRIX,0.5
fnd6_newqv1300_ppegtq,"Property, Plant and Equipment - Total (Gross) - Quarterly",MATRIX,0.5
fnd6_newqv1300_ppentq,Property Plant and Equipment - Total (Net),MATRIX,0.5
fnd6_newqv1300_prcaq,Core Post Retirement Adjustment,MATRIX,0.5
fnd6_newqv1300_prcdq,Core Post Retirement Adjustment Diluted EPS Effect,MATRIX,0.5
fnd6_newqv1300_prcepsq,Core Post Retirement Adjustment Basic EPS Effect,MATRIX,0.5
fnd6_newqv1300_prcraq,Repurchase Price - Average per share,MATRIX,0.5
fnd6_newqv1300_mibnq,Non-Redeemable Noncontrolling Interest (Balance Sheet) - Quarterly,MATRIX,0.5
fnd6_newqv1300_mibtq,Noncontrolling Interests - Total - Balance Sheet - Quarterly,MATRIX,0.5
fnd6_newqv1300_miiq,Noncontrolling Interest - Income Account,MATRIX,0.5
fnd6_newqv1300_msaq,Accumulated Other Comprehensive Income - Marketable Security Adjustments,MATRIX,0.5
fnd6_newqv1300_oepf12,Earnings Per Share - Diluted - from Operations - 12MM,MATRIX,0.5
fnd6_newqv1300_oepsxq,Earnings Per Share - Diluted - from Operations,MATRIX,0.5
fnd6_newqv1300_optfvgrq,Options - Fair Value of Options Granted,MATRIX,0.5
fnd6_newqv1300_optrfrq,Risk-Free Rate - Assumption (%),MATRIX,0.5
fnd6_newqv1300_xoprq,Operating Expense - Total,MATRIX,0.5
fnd6_newqv1300_xoptdq,Implied Option EPS Diluted,MATRIX,0.5
fnd6_newqv1300_xoptepsq,Implied Option EPS Basic,MATRIX,0.5
fnd6_newqv1300_xoptq,Implied Option Expense,MATRIX,0.5
fnd6_newqv1300_xrdq,Research and Development Expense,MATRIX,0.5
fnd6_newqv1300_xsgaq,"Selling, General and Administrative Expenses",MATRIX,0.5
fnd6_niadj,Net Income Adjusted for Common/Ordinary Stock (Capital) Equivalents,MATRIX,0.5
fnd6_nopio,Nonoperating Income (Expense) - Other,MATRIX,0.5
fnd6_newqv1300_txdbq,Deferred Taxes - Balance Sheet,MATRIX,0.5
fnd6_newqv1300_txdiq,Income Taxes - Deferred,MATRIX,0.5
fnd6_newqv1300_txditcq,Deferred Taxes and Investment Tax Credit,MATRIX,0.5
fnd6_newqv1300_txpq,Income Taxes Payable,MATRIX,0.5
fnd6_newqv1300_txtq,Income Taxes - Total,MATRIX,0.5
fnd6_newqv1300_txwq,Excise Taxes,MATRIX,0.5
fnd6_newqv1300_wcapq,Working Capital (Balance Sheet),MATRIX,0.5
fnd6_newqv1300_xintq,Interest and Related Expense - Total,MATRIX,0.5
fnd6_newqv1300_stkcpaq,After-tax stock compensation,MATRIX,0.5
fnd6_newqv1300_teqq,Stockholders' Equity - Total - Quarterly,MATRIX,0.5
fnd6_newqv1300_tfvaq,Total Fair Value Assets,MATRIX,0.5
fnd6_newqv1300_tfvceq,Total Fair Value Changes including Earnings,MATRIX,0.5
fnd6_newqv1300_tfvlq,Total Fair Value Liabilities,MATRIX,0.5
fnd6_newqv1300_tstknq,Treasury Stock - Number of Common Shares,MATRIX,0.5
fnd6_newqv1300_tstkq,Treasury Stock - Total (All Capital),MATRIX,0.5
fnd6_newqv1300_txdbaq,Deferred Tax Asset - Long Term,MATRIX,0.5
fnd6_newqv1300_spceepspq,S&P Core Earnings EPS Basic - Preliminary,MATRIX,0.5
fnd6_newqv1300_spceepsq,S&P Core Earnings EPS Basic,MATRIX,0.5
fnd6_newqv1300_spcep12,S&P Core Earnings 12MM - Preliminary,MATRIX,0.5
fnd6_newqv1300_spcepd12,S&P Core Earnings 12MM EPS Diluted - Preliminary,MATRIX,0.5
fnd6_newqv1300_spcepq,S&P Core Earnings - Preliminary,MATRIX,0.5
fnd6_newqv1300_spceq,S&P Core Earnings,MATRIX,0.5
fnd6_newqv1300_spiq,Special Items,MATRIX,0.5
fnd6_newqv1300_stkcoq,Stock Compensation Expense,MATRIX,0.5
fnd6_pncdq,Core Pension Adjustment Diluted EPS Effect,MATRIX,0.5
fnd6_pncepsq,Core Pension Adjustment Basic EPS Effect,MATRIX,0.5
fnd6_pnrsho,Nonred Pfd Shares Outs (000),MATRIX,0.5
fnd6_ppeveb,"Property, Plant, and Equipment - Ending Balance (Schedule V)",MATRIX,0.5
fnd6_prcc,Price Close - Annual,MATRIX,0.5
fnd6_prccq,Price Close - Quarter,MATRIX,0.5
fnd6_prch,Price High - Annual,MATRIX,0.5
fnd6_prchq,Price High - Quarter,MATRIX,0.5
fnd6_optprcey,Options Outstanding End of Year - Price,MATRIX,0.5
fnd6_optprcgr,Options Granted - Price,MATRIX,0.5
fnd6_optprcwa,Options Exercisable - Weighted Avg Price,MATRIX,0.5
fnd6_optrfr,Risk-Free Rate - Assumption (%),MATRIX,0.5
fnd6_optvol,Volatility - Assumption (%),MATRIX,0.5
fnd6_optvolq,Volatility - Assumption (%),MATRIX,0.5
fnd6_pidom,Pretax Income - Domestic,MATRIX,0.5
fnd6_pifo,Pretax Income - Foreign,MATRIX,0.5
fnd6_optgr,Options - Granted,MATRIX,0.5
fnd6_optlife,Life of Options - Assumption (# yrs),MATRIX,0.5
fnd6_optlifeq,Life of Options - Assumption (# yrs),MATRIX,0.5
fnd6_optosby,Options Outstanding - Beginning of Year,MATRIX,0.5
fnd6_optosey,Options Outstanding - End of Year,MATRIX,0.5
fnd6_optprcby,Options Outstanding Beginning of Year - Price,MATRIX,0.5
fnd6_optprcca,Options Cancelled - Price,MATRIX,0.5
fnd6_optprcex,Options Exercised - Price,MATRIX,0.5
fnd6_np,Notes Payable - Short-Term Borrowings,MATRIX,0.5
fnd6_npq,Notes Payable,MATRIX,0.5
fnd6_oprepsx,Earnings Per Share - Diluted - from Operations,MATRIX,0.5
fnd6_optca,Options - Cancelled (-),MATRIX,0.5
fnd6_optdr,Dividend Rate - Assumption (%),MATRIX,0.5
fnd6_optdrq,Dividend Rate - Assumption (%),MATRIX,0.5
fnd6_optex,Options Exercisable (000),MATRIX,0.5
fnd6_optfvgr,Options - Fair Value of Options Granted,MATRIX,0.5
fnd6_tlcf,Tax Loss Carry Forward,MATRIX,0.5
fnd6_tstkc,Treasury Stock - Common,MATRIX,0.5
fnd6_txbco,Excess Tax Benefit Stock Options - Cash Flow Operating,MATRIX,0.5
fnd6_txbcof,Excess Tax Benefit of Stock Options - Cash Flow Financing,MATRIX,0.5
fnd6_txc,Income Taxes - Current,MATRIX,0.5
fnd6_txdba,Deferred Tax Asset - Long Term,MATRIX,0.5
fnd6_txdbca,Deferred Tax Asset - Current,MATRIX,0.5
fnd6_txdbcl,Deferred Tax Liability - Current,MATRIX,0.5
fnd6_sppiv,"Sale of Property, Plant and Equipment and Investments - Gain (Loss)",MATRIX,0.5
fnd6_sstk,Sale of Common and Preferred Stock,MATRIX,0.5
fnd6_state,integer for identifying the state of the company,MATRIX,0.5
fnd6_stkcpa,After-tax stock compensation,MATRIX,0.5
fnd6_teq,Stockholders' Equity - Total,MATRIX,0.5
fnd6_tfva,Total Fair Value Assets,MATRIX,0.5
fnd6_tfvce,Total Fair Value Changes including Earnings,MATRIX,0.5
fnd6_tfvl,Total Fair Value Liabilities,MATRIX,0.5
fnd6_reajo,Retained Earnings - Other Adjustments,MATRIX,0.5
fnd6_recco,Receivables - Current - Other,MATRIX,0.5
fnd6_recd,Receivables - Estimated Doubtful,MATRIX,0.5
fnd6_recta,Retained Earnings - Cumulative Translation Adjustment,MATRIX,0.5
fnd6_rectr,Receivables - Trade,MATRIX,0.5
fnd6_siv,Sale of Investments,MATRIX,0.5
fnd6_spce,S&P Core Earnings,MATRIX,0.5
fnd6_sppe,Sale of Property,MATRIX,0.5
fnd6_prcl,Price Low - Annual,MATRIX,0.5
fnd6_prclq,Price Low - Quarter,MATRIX,0.5
fnd6_prstkc,Purchase of Common and Preferred Stock,MATRIX,0.5
fnd6_pstkc,Preferred Stock - Convertible,MATRIX,0.5
fnd6_pstkl,Preferred Stock - Liquidating Value,MATRIX,0.5
fnd6_pstkrv,Preferred Stock - Redemption Value,MATRIX,0.5
fnd6_rank,SP rank with the following meaning: // 0----invalid rank //1----A+//2----A//3----A-//4----B+//5----B//6----B-//7----C+//8----C//9----C-,MATRIX,0.5
fnd6_rea,Retained Earnings - Restatement,MATRIX,0.5
return_assets,Return on Assets,MATRIX,0.5
return_equity,Return on Equity,MATRIX,0.5
revenue,Revenue - Total,MATRIX,0.5
sales,Sales/Turnover (Net),MATRIX,0.5
sales_growth,Growth in Sales (Quarterly),MATRIX,0.5
sales_ps,Sales per Share (Quarterly),MATRIX,0.5
sga_expense,"Selling, General and Administrative Expenses",MATRIX,0.5
fnd6_aldo,Long-term Assets of Discontinued Operations,MATRIX,0.5
liabilities_curr,Current Liabilities - Total,MATRIX,0.5
operating_expense,Operating Expense - Total,MATRIX,0.5
operating_income,Operating Income After Depreciation - Quarterly,MATRIX,0.5
ppent,Property Plant and Equipment - Total (Net),MATRIX,0.5
pretax_income,Pretax Income,MATRIX,0.5
rd_expense,Research And Development (Quarterly),MATRIX,0.5
receivable,Receivables - Total,MATRIX,0.5
retained_earnings,Retained Earnings,MATRIX,0.5
income,Net Income,MATRIX,0.5
income_beforeextra,Income Before Extraordinary Items,MATRIX,0.5
income_tax,Income Taxes - Total,MATRIX,0.5
interest_expense,Interest and Related Expense - Total,MATRIX,0.5
inventory,Inventories - Total,MATRIX,0.5
inventory_turnover,Inventory Turnover,MATRIX,0.5
invested_capital,Invested Capital - Total - Quarterly,MATRIX,0.5
liabilities,Liabilities - Total,MATRIX,0.5
fnd6_xad,Advertising Expense,MATRIX,0.5
fnd6_xintopt,Implied Option Expense,MATRIX,0.5
fnd6_xopr,Operating Expenses - Total,MATRIX,0.5
fnd6_xpp,Prepaid Expenses,MATRIX,0.5
fnd6_xpr,Pension and Retirement Expense,MATRIX,0.5
fnd6_xrent,Rental Expense,MATRIX,0.5
fnd6_zipcode,ZIP code related to the company,MATRIX,0.5
goodwill,Goodwill (net),MATRIX,0.5
fnd6_cld5,Capitalized Leases - Due in 5th Year,MATRIX,0.5
fnd6_cptmfmq_actq,Current Assets - Total,MATRIX,0.5
fnd6_cptmfmq_atq,Assets - Total,MATRIX,0.5
fnd6_cptmfmq_ceqq,Common/Ordinary Equity - Total,MATRIX,0.5
fnd6_cptmfmq_dlttq,Long-Term Debt - Total,MATRIX,0.5
fnd6_cptmfmq_dpq,Depreciation and Amortization - Total,MATRIX,0.5
fnd6_cptmfmq_lctq,Current Liabilities - Total,MATRIX,0.5
fnd6_cptmfmq_oibdpq,Operating Income Before Depreciation - Quarterly,MATRIX,0.5
fnd6_ciother,Comp. Inc. - Other Adj.,MATRIX,0.5
fnd6_cipen,Comprehensive Income - Minimum Pension Adjustment,MATRIX,0.5
fnd6_cisecgl,Comp Inc - Securities Gains/Losses,MATRIX,0.5
fnd6_citotal,Comprehensive Income - Parent,MATRIX,0.5
fnd6_city,the city where a company's corporate headquarters or home office is located,MATRIX,0.5
fnd6_cld2,Capitalized Leases - Due in 2nd Year,MATRIX,0.5
fnd6_cld3,Capitalized Leases - Due in 3rd Year,MATRIX,0.5
fnd6_cld4,Capitalized Leases - Due in 4th Year,MATRIX,0.5
fnd6_ceql,Common Equity - Liquidation Value,MATRIX,0.5
fnd6_ch,Cash,MATRIX,0.5
fnd6_ci,Comprehensive Income - Total,MATRIX,0.5
fnd6_cibegni,Comp Inc - Beginning Net Income,MATRIX,0.5
fnd6_cicurr,Comp Inc - Currency Trans Adj,MATRIX,0.5
fnd6_cidergl,Comp Inc - Derivative Gains/Losses,MATRIX,0.5
fnd6_cik,nonimportant technical code,MATRIX,0.5
fnd6_cimii,Comprehensive Income - Noncontrolling Interest,MATRIX,0.5
fnd6_am,Amortization of Intangibles,MATRIX,0.5
fnd6_aodo,Other Assets excluding Discontinued Operations,MATRIX,0.5
fnd6_aox,Assets - Other - Sundry,MATRIX,0.5
fnd6_aqc,Acquisitions,MATRIX,0.5
fnd6_aqi,Acquisitions - Income Contribution,MATRIX,0.5
fnd6_aqs,Acquisitions - Sales Contribution,MATRIX,0.5
fnd6_beta,beta,MATRIX,0.5
fnd6_capxv,"Capital Expend Property, Plant and Equipment Schd V",MATRIX,0.5
